
<?xml version="1.0" encoding="UTF-8" standalone="yes"?>
<addon id="repository.Lmask" name="SyD Entertainment repo" version="1.0.0" provider-name="SyDEntertainment">
	<extension point="xbmc.addon.repository" name="SyD Repo">
		<info compressed="false">https://raw.github.com/SyDEntertainment/Lmask/master/addons.xml</info>
		<checksum>https://raw.github.com/SyDEntertainment/Lmask/master/addons.xml.md5</checksum>
		<datadir zip="true">https://raw.github.com/SyDEntertainment/Lmask/master</datadir>
	</extension>
	<extension point="xbmc.addon.metadata">
		<summary>SyD Entertainment repo</summary>
   		<description lang="en">Instala los Addons para poder empezar.</description>
		<disclaimer></disclaimer>
		<platform>all</platform>
	<assets>
		<icon>resources/icon.png</icon>
		<fanart>resources/fanart.jpg</fanart>
	</assets>

	</extension>
</addon>